-- Traveloop Community Data Export
USE traveloop;

-- Users
INSERT INTO Users (id, firstName, lastName, email, password, photo, city, country, createdAt, updatedAt) VALUES (1, 'James', 'Traveler', 'abc@gmail.com', '$2b$10$oOzMjbFRhnCEZr1EYi8HTesVDoPff6u3LzbOJLus5j5R0DA4iYmRW', 'https://i.pravatar.cc/300?u=1', 'xyz', 'n', NOW(), NOW()) ON DUPLICATE KEY UPDATE id=id;
INSERT INTO Users (id, firstName, lastName, email, password, photo, city, country, createdAt, updatedAt) VALUES (12, 'Alex', 'Johnson', 'alex.johnson@example.com', '$2b$10$tbd9gIi73JHyJFNs7bbTmOUGeWWImlRku9rL6hpaRhu.NRZAvveF6', 'https://i.pravatar.cc/300?u=alex.johnson@example.com', 'Travel City', 'Travel Country', NOW(), NOW()) ON DUPLICATE KEY UPDATE id=id;
INSERT INTO Users (id, firstName, lastName, email, password, photo, city, country, createdAt, updatedAt) VALUES (13, 'Sarah', 'Miller', 'sarah.miller@example.com', '$2b$10$RJpEymOuHnUFerTYi4SqlOBx.qpG.sOyUinLtV3YqHciPzGMah6SK', 'https://i.pravatar.cc/300?u=sarah.miller@example.com', 'Travel City', 'Travel Country', NOW(), NOW()) ON DUPLICATE KEY UPDATE id=id;
INSERT INTO Users (id, firstName, lastName, email, password, photo, city, country, createdAt, updatedAt) VALUES (14, 'David', 'Chen', 'david.chen@example.com', '$2b$10$xU55GL/ofQhw1x.mYmvmWe.7x6D/OaNF5y7UGPzNJ7ksgO9HC7AtG', 'https://i.pravatar.cc/300?u=david.chen@example.com', 'Travel City', 'Travel Country', NOW(), NOW()) ON DUPLICATE KEY UPDATE id=id;
INSERT INTO Users (id, firstName, lastName, email, password, photo, city, country, createdAt, updatedAt) VALUES (15, 'Elena', 'Rodriguez', 'elena.rodriguez@example.com', '$2b$10$LN8Cc.II/WXoCPw/U4ryeeFqpbQtuyoAp2XgNT2szUED4vjR9CpRm', 'https://i.pravatar.cc/300?u=elena.rodriguez@example.com', 'Travel City', 'Travel Country', NOW(), NOW()) ON DUPLICATE KEY UPDATE id=id;
INSERT INTO Users (id, firstName, lastName, email, password, photo, city, country, createdAt, updatedAt) VALUES (16, 'Michael', 'Smith', 'michael.smith@example.com', '$2b$10$bSmJbx2oo4tZxmgVWkwg2uOXXxTZNAPIlISSimRikaTKCLmxmvUVu', 'https://i.pravatar.cc/300?u=michael.smith@example.com', 'Travel City', 'Travel Country', NOW(), NOW()) ON DUPLICATE KEY UPDATE id=id;
INSERT INTO Users (id, firstName, lastName, email, password, photo, city, country, createdAt, updatedAt) VALUES (17, 'Yuki', 'Tanaka', 'yuki.tanaka@example.com', '$2b$10$A5cme7Ip/K8TmIzMWKEzi.LGEWCLipXG362wKLwywYjwZeJkQNAQ.', 'https://i.pravatar.cc/300?u=yuki.tanaka@example.com', 'Travel City', 'Travel Country', NOW(), NOW()) ON DUPLICATE KEY UPDATE id=id;
INSERT INTO Users (id, firstName, lastName, email, password, photo, city, country, createdAt, updatedAt) VALUES (18, 'Chloe', 'Dubois', 'chloe.dubois@example.com', '$2b$10$WQ3WAUGUy3NqSK1Cn/J63u.U3FYeua5/fbZNFVsfnQMjvsCN6GV3K', 'https://i.pravatar.cc/300?u=chloe.dubois@example.com', 'Travel City', 'Travel Country', NOW(), NOW()) ON DUPLICATE KEY UPDATE id=id;
INSERT INTO Users (id, firstName, lastName, email, password, photo, city, country, createdAt, updatedAt) VALUES (19, 'Marcus', 'Thorne', 'marcus.thorne@example.com', '$2b$10$DB6HrwCNSC71OnbRxRg8hOAnYFXzfWwJlrRjhQvjm38wSDCdMx/km', 'https://i.pravatar.cc/300?u=marcus.thorne@example.com', 'Travel City', 'Travel Country', NOW(), NOW()) ON DUPLICATE KEY UPDATE id=id;
INSERT INTO Users (id, firstName, lastName, email, password, photo, city, country, createdAt, updatedAt) VALUES (20, 'Isabella', 'Rossi', 'isabella.rossi@example.com', '$2b$10$qOirnwh8JQarqAos4p/gLOcR5g.kt6CaBtDH1vLKSziojf8r1T74y', 'https://i.pravatar.cc/300?u=isabella.rossi@example.com', 'Travel City', 'Travel Country', NOW(), NOW()) ON DUPLICATE KEY UPDATE id=id;
INSERT INTO Users (id, firstName, lastName, email, password, photo, city, country, createdAt, updatedAt) VALUES (21, 'Liam', 'Wilson', 'liam.wilson@example.com', '$2b$10$IlOVL.0R/keOtK8EAqa0PevqGXuowMME1gZtuJaX.dTLnS0gx20Ci', 'https://i.pravatar.cc/300?u=liam.wilson@example.com', 'Travel City', 'Travel Country', NOW(), NOW()) ON DUPLICATE KEY UPDATE id=id;

-- Trips
INSERT INTO Trips (id, name, description, coverPhoto, startDate, endDate, isPublic, userId, status, createdAt, updatedAt) VALUES (1, "TripNotCompleted", "water part", 'https://picsum.photos/seed/1/800/600', '2026-05-12', '2026-05-29', false, 1, 'UPCOMING', NOW(), NOW()) ON DUPLICATE KEY UPDATE id=id;
INSERT INTO Trips (id, name, description, coverPhoto, startDate, endDate, isPublic, userId, status, createdAt, updatedAt) VALUES (2, "Amazing Trip to Kyoto", "This was an incredible experience exploring the temples.", 'https://picsum.photos/seed/2/800/600', '2026-05-10', '2026-05-17', true, null, 'UPCOMING', NOW(), NOW()) ON DUPLICATE KEY UPDATE id=id;
INSERT INTO Trips (id, name, description, coverPhoto, startDate, endDate, isPublic, userId, status, createdAt, updatedAt) VALUES (3, "Amazing Trip to Paris", "This was an incredible experience exploring the museums.", 'https://picsum.photos/seed/3/800/600', '2026-05-10', '2026-05-17', true, null, 'UPCOMING', NOW(), NOW()) ON DUPLICATE KEY UPDATE id=id;
INSERT INTO Trips (id, name, description, coverPhoto, startDate, endDate, isPublic, userId, status, createdAt, updatedAt) VALUES (4, "Amazing Trip to New York", "This was an incredible experience exploring the skyscrapers.", 'https://picsum.photos/seed/4/800/600', '2026-05-10', '2026-05-17', true, null, 'UPCOMING', NOW(), NOW()) ON DUPLICATE KEY UPDATE id=id;
INSERT INTO Trips (id, name, description, coverPhoto, startDate, endDate, isPublic, userId, status, createdAt, updatedAt) VALUES (5, "Amazing Trip to Rome", "This was an incredible experience exploring the history.", 'https://picsum.photos/seed/5/800/600', '2026-05-10', '2026-05-17', true, null, 'UPCOMING', NOW(), NOW()) ON DUPLICATE KEY UPDATE id=id;
INSERT INTO Trips (id, name, description, coverPhoto, startDate, endDate, isPublic, userId, status, createdAt, updatedAt) VALUES (6, "Amazing Trip to London", "This was an incredible experience exploring the streets.", 'https://picsum.photos/seed/6/800/600', '2026-05-10', '2026-05-17', true, null, 'UPCOMING', NOW(), NOW()) ON DUPLICATE KEY UPDATE id=id;
INSERT INTO Trips (id, name, description, coverPhoto, startDate, endDate, isPublic, userId, status, createdAt, updatedAt) VALUES (7, "Amazing Trip to Tokyo", "This was an incredible experience exploring the culture.", 'https://picsum.photos/seed/7/800/600', '2026-05-10', '2026-05-17', true, null, 'UPCOMING', NOW(), NOW()) ON DUPLICATE KEY UPDATE id=id;
INSERT INTO Trips (id, name, description, coverPhoto, startDate, endDate, isPublic, userId, status, createdAt, updatedAt) VALUES (8, "Amazing Trip to Barcelona", "This was an incredible experience exploring the beaches.", 'https://picsum.photos/seed/8/800/600', '2026-05-10', '2026-05-17', true, null, 'UPCOMING', NOW(), NOW()) ON DUPLICATE KEY UPDATE id=id;
INSERT INTO Trips (id, name, description, coverPhoto, startDate, endDate, isPublic, userId, status, createdAt, updatedAt) VALUES (9, "Amazing Trip to Berlin", "This was an incredible experience exploring the nightlife.", 'https://picsum.photos/seed/9/800/600', '2026-05-10', '2026-05-17', true, null, 'UPCOMING', NOW(), NOW()) ON DUPLICATE KEY UPDATE id=id;
INSERT INTO Trips (id, name, description, coverPhoto, startDate, endDate, isPublic, userId, status, createdAt, updatedAt) VALUES (10, "Amazing Trip to Sydney", "This was an incredible experience exploring the architecture.", 'https://picsum.photos/seed/10/800/600', '2026-05-10', '2026-05-17', true, null, 'UPCOMING', NOW(), NOW()) ON DUPLICATE KEY UPDATE id=id;
INSERT INTO Trips (id, name, description, coverPhoto, startDate, endDate, isPublic, userId, status, createdAt, updatedAt) VALUES (11, "Amazing Trip to Cairo", "This was an incredible experience exploring the pyramids.", 'https://picsum.photos/seed/11/800/600', '2026-05-10', '2026-05-17', true, null, 'UPCOMING', NOW(), NOW()) ON DUPLICATE KEY UPDATE id=id;
INSERT INTO Trips (id, name, description, coverPhoto, startDate, endDate, isPublic, userId, status, createdAt, updatedAt) VALUES (12, "Amazing Trip to Kyoto", "This was an incredible experience exploring the temples. Highly recommended!", 'https://picsum.photos/seed/12/800/600', '2026-05-10', '2026-05-17', true, 12, 'UPCOMING', NOW(), NOW()) ON DUPLICATE KEY UPDATE id=id;
INSERT INTO Trips (id, name, description, coverPhoto, startDate, endDate, isPublic, userId, status, createdAt, updatedAt) VALUES (13, "Amazing Trip to Paris", "This was an incredible experience exploring the museums. Highly recommended!", 'https://picsum.photos/seed/13/800/600', '2026-05-10', '2026-05-17', true, 13, 'UPCOMING', NOW(), NOW()) ON DUPLICATE KEY UPDATE id=id;
INSERT INTO Trips (id, name, description, coverPhoto, startDate, endDate, isPublic, userId, status, createdAt, updatedAt) VALUES (14, "Amazing Trip to New York", "This was an incredible experience exploring the skyscrapers. Highly recommended!", 'https://picsum.photos/seed/14/800/600', '2026-05-10', '2026-05-17', true, 14, 'UPCOMING', NOW(), NOW()) ON DUPLICATE KEY UPDATE id=id;
INSERT INTO Trips (id, name, description, coverPhoto, startDate, endDate, isPublic, userId, status, createdAt, updatedAt) VALUES (15, "Amazing Trip to Rome", "This was an incredible experience exploring the history. Highly recommended!", 'https://picsum.photos/seed/15/800/600', '2026-05-10', '2026-05-17', true, 15, 'UPCOMING', NOW(), NOW()) ON DUPLICATE KEY UPDATE id=id;
INSERT INTO Trips (id, name, description, coverPhoto, startDate, endDate, isPublic, userId, status, createdAt, updatedAt) VALUES (16, "Amazing Trip to London", "This was an incredible experience exploring the streets. Highly recommended!", 'https://picsum.photos/seed/16/800/600', '2026-05-10', '2026-05-17', true, 16, 'UPCOMING', NOW(), NOW()) ON DUPLICATE KEY UPDATE id=id;
INSERT INTO Trips (id, name, description, coverPhoto, startDate, endDate, isPublic, userId, status, createdAt, updatedAt) VALUES (17, "Amazing Trip to Tokyo", "This was an incredible experience exploring the culture. Highly recommended!", 'https://picsum.photos/seed/17/800/600', '2026-05-10', '2026-05-17', true, 17, 'UPCOMING', NOW(), NOW()) ON DUPLICATE KEY UPDATE id=id;
INSERT INTO Trips (id, name, description, coverPhoto, startDate, endDate, isPublic, userId, status, createdAt, updatedAt) VALUES (18, "Amazing Trip to Barcelona", "This was an incredible experience exploring the beaches. Highly recommended!", 'https://picsum.photos/seed/18/800/600', '2026-05-10', '2026-05-17', true, 18, 'UPCOMING', NOW(), NOW()) ON DUPLICATE KEY UPDATE id=id;
INSERT INTO Trips (id, name, description, coverPhoto, startDate, endDate, isPublic, userId, status, createdAt, updatedAt) VALUES (19, "Amazing Trip to Berlin", "This was an incredible experience exploring the nightlife. Highly recommended!", 'https://picsum.photos/seed/19/800/600', '2026-05-10', '2026-05-17', true, 19, 'UPCOMING', NOW(), NOW()) ON DUPLICATE KEY UPDATE id=id;
INSERT INTO Trips (id, name, description, coverPhoto, startDate, endDate, isPublic, userId, status, createdAt, updatedAt) VALUES (20, "Amazing Trip to Sydney", "This was an incredible experience exploring the architecture. Highly recommended!", 'https://picsum.photos/seed/20/800/600', '2026-05-10', '2026-05-17', true, 20, 'UPCOMING', NOW(), NOW()) ON DUPLICATE KEY UPDATE id=id;
INSERT INTO Trips (id, name, description, coverPhoto, startDate, endDate, isPublic, userId, status, createdAt, updatedAt) VALUES (21, "Amazing Trip to Cairo", "This was an incredible experience exploring the pyramids. Highly recommended!", 'https://picsum.photos/seed/21/800/600', '2026-05-10', '2026-05-17', true, 21, 'UPCOMING', NOW(), NOW()) ON DUPLICATE KEY UPDATE id=id;
INSERT INTO Trips (id, name, description, coverPhoto, startDate, endDate, isPublic, userId, status, createdAt, updatedAt) VALUES (22, "Copy of Amazing Trip to Rome", "This was an incredible experience exploring the history. Highly recommended!", 'https://picsum.photos/seed/22/800/600', '2026-05-10', '2026-05-17', false, 1, 'UPCOMING', NOW(), NOW()) ON DUPLICATE KEY UPDATE id=id;
INSERT INTO Trips (id, name, description, coverPhoto, startDate, endDate, isPublic, userId, status, createdAt, updatedAt) VALUES (23, "Copy of Amazing Trip to Rome", "This was an incredible experience exploring the history. Highly recommended!", 'https://picsum.photos/seed/23/800/600', '2026-05-10', '2026-05-17', false, 1, 'UPCOMING', NOW(), NOW()) ON DUPLICATE KEY UPDATE id=id;
INSERT INTO Trips (id, name, description, coverPhoto, startDate, endDate, isPublic, userId, status, createdAt, updatedAt) VALUES (24, "Copy of Amazing Trip to Rome", "This was an incredible experience exploring the history. Highly recommended!", 'https://picsum.photos/seed/15/800/600', '2026-05-10', '2026-05-17', false, 1, 'UPCOMING', NOW(), NOW()) ON DUPLICATE KEY UPDATE id=id;

-- Posts
INSERT INTO Posts (id, title, content, imageUrl, userId, tripId, createdAt, updatedAt) VALUES (11, "Amazing Trip to Kyoto", "This was an incredible experience exploring the temples. Highly recommended!", 'https://picsum.photos/seed/12/800/600', 12, 12, NOW(), NOW()) ON DUPLICATE KEY UPDATE id=id;
INSERT INTO Posts (id, title, content, imageUrl, userId, tripId, createdAt, updatedAt) VALUES (12, "Amazing Trip to Paris", "This was an incredible experience exploring the museums. Highly recommended!", 'https://picsum.photos/seed/13/800/600', 13, 13, NOW(), NOW()) ON DUPLICATE KEY UPDATE id=id;
INSERT INTO Posts (id, title, content, imageUrl, userId, tripId, createdAt, updatedAt) VALUES (13, "Amazing Trip to New York", "This was an incredible experience exploring the skyscrapers. Highly recommended!", 'https://picsum.photos/seed/14/800/600', 14, 14, NOW(), NOW()) ON DUPLICATE KEY UPDATE id=id;
INSERT INTO Posts (id, title, content, imageUrl, userId, tripId, createdAt, updatedAt) VALUES (14, "Amazing Trip to Rome", "This was an incredible experience exploring the history. Highly recommended!", 'https://picsum.photos/seed/15/800/600', 15, 15, NOW(), NOW()) ON DUPLICATE KEY UPDATE id=id;
INSERT INTO Posts (id, title, content, imageUrl, userId, tripId, createdAt, updatedAt) VALUES (15, "Amazing Trip to London", "This was an incredible experience exploring the streets. Highly recommended!", 'https://picsum.photos/seed/16/800/600', 16, 16, NOW(), NOW()) ON DUPLICATE KEY UPDATE id=id;
INSERT INTO Posts (id, title, content, imageUrl, userId, tripId, createdAt, updatedAt) VALUES (16, "Amazing Trip to Tokyo", "This was an incredible experience exploring the culture. Highly recommended!", 'https://picsum.photos/seed/17/800/600', 17, 17, NOW(), NOW()) ON DUPLICATE KEY UPDATE id=id;
INSERT INTO Posts (id, title, content, imageUrl, userId, tripId, createdAt, updatedAt) VALUES (17, "Amazing Trip to Barcelona", "This was an incredible experience exploring the beaches. Highly recommended!", 'https://picsum.photos/seed/18/800/600', 18, 18, NOW(), NOW()) ON DUPLICATE KEY UPDATE id=id;
INSERT INTO Posts (id, title, content, imageUrl, userId, tripId, createdAt, updatedAt) VALUES (18, "Amazing Trip to Berlin", "This was an incredible experience exploring the nightlife. Highly recommended!", 'https://picsum.photos/seed/19/800/600', 19, 19, NOW(), NOW()) ON DUPLICATE KEY UPDATE id=id;
INSERT INTO Posts (id, title, content, imageUrl, userId, tripId, createdAt, updatedAt) VALUES (19, "Amazing Trip to Sydney", "This was an incredible experience exploring the architecture. Highly recommended!", 'https://picsum.photos/seed/20/800/600', 20, 20, NOW(), NOW()) ON DUPLICATE KEY UPDATE id=id;
INSERT INTO Posts (id, title, content, imageUrl, userId, tripId, createdAt, updatedAt) VALUES (20, "Amazing Trip to Cairo", "This was an incredible experience exploring the pyramids. Highly recommended!", 'https://picsum.photos/seed/21/800/600', 21, 21, NOW(), NOW()) ON DUPLICATE KEY UPDATE id=id;
